M3FD,MI,SD,VIF,SSIM,Qabf,PSNR
mean,5.551945396558831,33.50199168203419,0.8048305543725166,0.7152748388051987,0.5700962137926855,61.28144969443454
std,0.6613181825661455,8.37095772525406,0.1265441129369253,0.08345440297553817,0.08545738207705357,2.89841885841327
00000.png,4.906642800362009,30.48089368042367,0.8381707336762569,0.7193741798400879,0.6537694557039395,62.90807905342314
00011.png,4.815276394841947,29.45961052600238,0.8327146657466916,0.7239253520965576,0.6470497462693934,63.03360910066434
00025.png,5.079739264510366,23.62590162383359,0.9557377784916687,0.769091784954071,0.6688374868995456,60.99172524547463
00031.png,5.272253648610192,26.92475862386003,0.9475341590463094,0.7643505334854126,0.6663695448049638,60.9535247452926
00033.png,4.739141509661058,29.19655602059157,0.8169033356199034,0.7332104444503784,0.6391072298870863,63.21180642889771
00042.png,5.175831474376555,25.71021780302856,0.9644421063966424,0.7479819059371948,0.6883166453262347,60.70184009416111
00061.png,5.468011249734699,28.54516449445729,0.8638933068129732,0.7836943864822388,0.6652382550411041,61.41685852067341
00071.png,5.52123886492857,28.8576153361747,0.9012571407657479,0.7844740152359009,0.6896161275351742,61.17565006256722
00082.png,4.647355930661451,25.59861049060044,0.941141852345949,0.7428860664367676,0.6576527450712967,61.69195141090221
00097.png,5.084006516594131,22.09427027469688,0.9459847410698305,0.7544898390769958,0.6630717427514228,60.43277879483546
00107.png,4.701341570169163,27.6011795750162,0.9226086877810107,0.7382919192314148,0.6756266249755084,63.03973016904812
00112.png,4.977136838037627,25.85703665157788,0.9553264956264506,0.71210116147995,0.6990258988600127,60.44386046434796
00118.png,4.572125030699269,23.85462665586332,0.9237901314864695,0.7182671427726746,0.6833118350808146,60.36209535640616
00147.png,5.234801083788389,29.35967297391809,0.9664512287043147,0.7464996576309204,0.7083187879831315,60.84259634480867
00149.png,5.140501104721753,34.07453676852531,0.9832447304208969,0.7245639562606812,0.7005355029565098,62.49647155938106
00150.png,5.176435725464287,32.87400361885196,0.9732171085277674,0.7159456014633179,0.6978131753170687,62.58720154073909
00159.png,5.006628507459999,28.32569165868167,0.944567066589725,0.7217365503311157,0.6777647968134203,62.14132521153471
00177.png,5.083812334233976,31.84980621997565,0.9421587052586895,0.7024073600769043,0.6823841453873406,62.03339937678467
00196.png,5.298837982719252,31.94490012318411,0.9581978379105295,0.674557089805603,0.7674155317650535,61.55840950080513
00202.png,5.438804950741726,28.21242200181213,0.9925830360887397,0.7046727538108826,0.728913215903015,60.35470537762193
00210.png,5.424510975843313,28.55926455280099,0.964926720940209,0.7105375528335571,0.6566689120385246,61.33472627528096
00215.png,5.267915495934398,29.02483838869018,1.02942414997938,0.699992299079895,0.6864498514986833,60.92958042278588
00232.png,4.825804537865039,28.04826917379811,0.9422143291007631,0.7270246744155884,0.6588504634556579,61.70181226293744
00242.png,5.133282850480343,29.41926656874213,0.9212773622816486,0.7654135227203369,0.626142941105297,61.57714151258732
00255.png,5.98135300049806,24.8194964815759,1.033925193745862,0.8282099366188049,0.6629858494473847,63.91254086488919
00274.png,5.876492442527777,26.04450817830892,1.027673115519598,0.8013394474983215,0.6526066306092436,63.15123183175962
00284.png,5.921755827417445,25.65657988013666,1.014639032551239,0.8072894811630249,0.6420723806232076,63.3087640368713
00290.png,5.817309466224767,25.51661450035831,1.030921129262639,0.8046998977661133,0.6462234677420229,63.14163546747569
00306.png,5.713977308976024,24.78527086179831,1.016929821586422,0.7987085580825806,0.6290585669716565,62.84190616318541
00320.png,5.879709369535451,27.36685630865829,1.021239678993942,0.7749239206314087,0.696852630159576,62.3233113171221
00325.png,6.05411271669243,47.11173726111591,0.8729360653351061,0.807426393032074,0.3933264868011928,61.74669505094925
00334.png,6.774893536529806,47.41247590132527,0.9439532248302873,0.8327060341835022,0.4655089152455257,63.00156671521578
00339.png,5.231129010635422,35.00013718351092,0.8996559721691335,0.8660579323768616,0.4746534321889505,65.03385877368089
00349.png,5.004127363937489,18.23248649085809,0.9685259582566422,0.7945703864097595,0.570755112237263,60.4456094868397
00353.png,5.003609152038821,18.02383540143787,0.9757357907133404,0.792148768901825,0.5728079446608294,60.3664643671684
00370.png,5.0016962022554,19.16280071688646,0.9746864769193667,0.7886782288551331,0.5842432487532582,60.40337420048608
00385.png,4.994587431575628,17.88177944991977,0.9699067064535675,0.7954975366592407,0.5640263413825054,60.45197978757427
00386.png,4.765805717302733,34.16005358701459,0.975160068880661,0.825830340385437,0.590210814385992,66.01238331259407
00388.png,5.065509176644854,25.11781403119565,1.009150346461548,0.8260549306869507,0.5059940400666194,63.02570140872025
00389.png,5.204756347146025,32.67853854612254,1.016289796056575,0.8277246952056885,0.5703771673865419,64.68914275742057
00390.png,4.973336800252589,37.29731902577472,0.998569712094383,0.834576427936554,0.5903847064975718,65.46270554443905
00400.png,4.457337494776334,34.70045506951242,0.84726438095365,0.7889585494995117,0.5753546535888406,65.33817329243448
00405.png,4.768857177935026,33.16536578465868,0.9308931484235183,0.8078616261482239,0.6254561212015057,65.87317861287443
00409.png,5.459635421871418,35.97692357536865,0.9149554601156094,0.8196171522140503,0.5800004230731385,65.6499202180988
00419.png,5.00822875044998,39.15959183664329,0.7613321838792073,0.8222706317901611,0.4488748183247116,65.68487101956367
00421.png,5.731246318662405,32.11216026038332,0.8468568395929763,0.7969875335693359,0.5490256845055856,64.29346165893868
00434.png,5.381085803335706,35.72516414959664,0.8999560385347339,0.814977765083313,0.5765410683646194,65.39139242140784
00441.png,5.242157743886896,37.66166325198942,0.8216962865138335,0.8491660952568054,0.4991946607731897,66.74577624362554
00443.png,5.08667304913574,40.85000788899863,0.7114279062165779,0.804649829864502,0.3180987747765642,64.48924967529453
00449.png,5.323293143622058,40.51402309951868,0.8970924756256927,0.8605163097381592,0.5027751387198397,66.45635975989885
00453.png,4.495347377680689,24.86013037690613,0.8894136151644088,0.8272251486778259,0.4952657672290339,65.77490935390057
00461.png,4.944720109927282,26.63933434068095,0.8230045995395977,0.8227418661117554,0.4757912611972226,65.12828959248165
00479.png,5.41779392011013,41.15958169569491,0.805201904727031,0.8188331127166748,0.5154862168735757,66.2155499927655
00489.png,5.386052837590519,38.65899932960845,0.8226650930628224,0.8410574197769165,0.4676457079943721,65.79419527988316
00497.png,5.224371015821196,43.20480237099421,0.8847843465241705,0.8307743072509766,0.552539719913066,65.24565081875086
00512.png,6.078257648121461,38.26009619613495,0.8847789823401391,0.7798398733139038,0.6441522687650117,66.23067394634457
00525.png,5.432808824222693,41.87063293459689,0.8744691964596787,0.8123716115951538,0.5935805639408394,66.39119973020573
00527.png,5.739012267699254,40.81567233395668,0.8884828549999552,0.8025550842285156,0.5975315924163818,65.26785726896112
00537.png,5.065882291576209,37.92239110862912,0.807530049575131,0.8367835283279419,0.5296368634997146,67.25811271731605
00555.png,4.932505293158687,35.70245828152104,0.7759520100594378,0.8167411088943481,0.5338654328185318,67.39122170120427
00572.png,5.001408599501273,34.89821042898666,0.7925538148416644,0.837888777256012,0.5067800983133897,67.32063630890674
00587.png,5.534600633674732,34.76610135441443,0.9193312504081675,0.8434457182884216,0.417394801172048,65.84937748747335
00606.png,5.425596556329934,38.14062820053243,0.9104287207094751,0.8358902931213379,0.465522887365014,65.08463016509776
00621.png,5.714116070980555,40.26034052925099,0.9018723938889921,0.836135745048523,0.4781831364380804,65.02542805975938
00633.png,5.333966475595306,36.20313061969457,0.9023360033131026,0.8589022755622864,0.536254301583133,67.43545614726182
00643.png,5.327851200193047,35.6734103188361,0.7514008258193813,0.8358458280563354,0.4783937226432156,64.2676075626124
00652.png,4.847790385713969,29.33175701183006,0.7531321444176357,0.8600434064865112,0.4572320152929792,66.02856679311162
00653.png,4.961215631430989,32.31251888901769,0.9300021685055022,0.8561065196990967,0.535284880107527,67.37063791831895
00661.png,5.41247316423372,37.06231555603346,0.8466233637560461,0.8343130350112915,0.4727730590282895,65.62349615463296
00671.png,5.074702637766359,30.27024277498035,0.8635889245363619,0.8351643085479736,0.5235954522861953,67.01395928638854
00676.png,4.878516225231222,27.50661763415987,0.9400217472705437,0.8339759707450867,0.5832205954648177,66.61556247684591
00677.png,4.801530402372856,34.6992859575459,0.9392887046038387,0.8264614343643188,0.5675909431812691,66.18959230129383
00687.png,5.300238335385018,38.15191374145492,0.8889462800682824,0.8330188989639282,0.5437701901968266,66.08992050512045
00697.png,5.120874909228705,33.43019780079083,0.8345935399170081,0.8541491031646729,0.5083099996206423,68.06142675799465
00712.png,5.607709779494034,26.60683646630677,0.8081706636567871,0.7862602472305298,0.5521637612962601,60.66154337240207
00716.png,4.827678988642183,12.401841156155,0.9586571125545863,0.8455259203910828,0.4944606744980453,61.32269436368076
00719.png,5.760416182548855,40.07151809577471,0.8443805462840234,0.5796090364456177,0.6476827098182621,61.45023519685037
00725.png,5.54250361384902,40.15713560955989,0.8304719216280763,0.5834615230560303,0.641119488552861,61.43141176734395
00726.png,5.566128991910558,40.20241550254889,0.8326951596335671,0.5808849334716797,0.6439433357825551,61.32559048841537
00738.png,5.719044441372274,39.63183021443538,0.7856033843743966,0.6017804145812988,0.5906294915669024,60.15938384820595
00760.png,5.761518322623237,44.72538276282552,0.8987886232618643,0.6479736566543579,0.7182090492205773,60.37617198418917
00762.png,5.603408456523223,42.12648558520419,0.8999722588561913,0.6342833638191223,0.7273281361177625,60.55370782039962
00769.png,5.655422057231087,43.41009889643097,0.9035429921436038,0.6378172039985657,0.7239848668611746,60.13838560480405
00787.png,4.572912761603295,20.74091382231978,0.8559335285644254,0.6437529921531677,0.3692073467012794,60.61948968184108
00800.png,4.637374051280725,20.14054923860848,0.8579849661576969,0.637828528881073,0.4116879610672415,60.68954596695055
00801.png,5.237522091825122,26.06016972870788,0.8342656363914802,0.6594575047492981,0.6698270862676583,60.15833841647942
00805.png,5.310318676068162,26.82296318766192,0.8281561661630503,0.6598944664001465,0.6647446250839004,60.14898387659351
00818.png,5.405726608478673,27.74107166804604,0.8436089517183313,0.6596502065658569,0.676690700813344,60.18420139664833
00825.png,6.110719459717082,32.37630959786929,1.048800291845654,0.827759861946106,0.6303431825557144,64.08265206599484
00826.png,5.616002631369399,34.50507822302513,0.9178970233420921,0.8265563249588013,0.5845405224731188,63.9584041886946
00829.png,5.534572371053404,34.00654209999832,0.91109532586099,0.8281141519546509,0.5757792228360792,64.07661435495312
00834.png,5.675801305363924,37.93239643390265,0.9484013519774797,0.8307703137397766,0.5785231566189137,63.63206902592384
00857.png,6.530131251407834,37.38279862199325,0.8976980566937169,0.821211576461792,0.5348290810476295,62.28197367362947
00867.png,4.979057314038457,26.17557498721773,0.8345315338414282,0.62945157289505,0.6699015074269968,60.27462964123981
00871.png,5.013264377556805,27.85885941988802,0.8418026244321943,0.6261114478111267,0.6759228818828689,60.37585398657566
00878.png,5.051556484631144,30.44496400611,0.838421284581499,0.6299559473991394,0.6681482276637772,60.43194889343
00896.png,4.639165321640931,24.67405768659371,0.901907296213893,0.7397916316986084,0.6035326520175978,60.44240676818627
00910.png,4.703334874263428,24.69191927085956,0.9178490701323794,0.735074520111084,0.6095773553770308,60.41000841243311
00916.png,4.965942028922179,24.54754716748914,0.9214426531653734,0.7495008707046509,0.600874208945493,60.45860536872929
00922.png,5.00204469915059,23.69113284312561,0.89965008564909,0.7526289224624634,0.588645029982159,60.5422046458565
00926.png,4.723241598195616,21.71099700498623,0.904361165625586,0.7310101985931396,0.6023122813996229,60.62303563438568
00950.png,5.454241925249621,25.27377841410977,0.8942098084059377,0.7958530187606812,0.5276486748898901,60.60582944228621
00958.png,5.526493183361625,30.25630261046862,0.8901406823479759,0.7738484740257263,0.5858117236007345,61.12915767177278
00965.png,5.530350463070524,28.80772341552551,0.8946697526117461,0.7717709541320801,0.593309690870568,61.1734526481282
00976.png,5.354399426865928,26.74325447951782,0.8588773725182581,0.7947289347648621,0.5932996975307787,63.50657210830025
00994.png,5.36317254953155,27.07176636006906,0.8548730600813864,0.7937852144241333,0.5901022948727971,63.49549761816927
01017.png,5.290838639552295,28.48470926847201,0.9279120471569621,0.809513509273529,0.5659700102138395,66.80578598746155
01034.png,5.253435893644365,23.68048351447171,0.8635725170846859,0.7927343845367432,0.6238848757491235,61.39930404406755
01043.png,5.354372556148065,24.304313739358,0.8977352182133955,0.7785526514053345,0.6395382145187665,61.10297859780694
01079.png,5.523982895586181,32.22418394000007,0.9671441379211627,0.823536217212677,0.5682022469147157,67.41476561075321
01093.png,4.802666484780769,28.88744884064415,0.798543996929993,0.8043419718742371,0.5341443664017195,67.7080484960049
01101.png,4.898273999252469,26.29434034130491,0.8468206659112483,0.8122915029525757,0.572511869092618,66.56318358983697
01115.png,5.732151548607799,28.96713745062382,0.860000577873776,0.8025672435760498,0.5614139930884675,62.87684099719171
01122.png,6.210983903408193,32.570461478731,0.8446544225770292,0.8048043251037598,0.5342367792129236,62.33485642093811
01136.png,6.15016039082108,35.76241885294592,0.8443548254979973,0.8058230876922607,0.5214742950686307,61.62010544874447
01147.png,6.203047214326249,33.64089956731117,0.8873350346799989,0.8118393421173096,0.534317139123313,61.6868156371301
01156.png,5.800602327326036,26.02367790154646,0.8677606498630902,0.8344656825065613,0.5026705894922849,62.55268482555914
01165.png,5.771003167614927,28.1572283519444,0.923979939725661,0.8200611472129822,0.5683581182553025,61.87021732027247
01186.png,5.131084625813715,28.08139269846524,0.8724308422764522,0.7496288418769836,0.63633581082117,62.00209484293985
01204.png,5.246339481696992,24.12311764029475,0.9218089218495814,0.7543384432792664,0.6657089090602362,60.66865787389517
01212.png,4.892219453054503,20.98425283843816,0.9544549237372483,0.7620173692703247,0.6568993367897251,60.36189815256481
01223.png,5.351745242448956,27.93418342310412,0.9467190878631029,0.7530440092086792,0.6723329856431729,61.48833814243456
01227.png,6.076260922087359,34.37557527927714,0.9039919327957562,0.8191580772399902,0.6503780139061153,66.76668248431584
01242.png,5.134980845501616,33.16653621270931,0.8984406603285737,0.865212082862854,0.5691843343290299,68.24526859185745
01249.png,4.992329077436773,30.44069755620481,0.9228059077901,0.8779038190841675,0.569312261310816,67.66270136958627
01267.png,5.840115714125872,38.8626973432322,0.9425887375624776,0.8096543550491333,0.5101810836624576,63.35867028195566
01270.png,4.992942050416536,32.86952262473742,0.9553860607338702,0.8135685920715332,0.6244405849173892,65.0253080129369
01299.png,5.531649922607636,35.60843799045097,1.053501590139341,0.8478128910064697,0.6297064213627085,66.71535518992309
01301.png,3.621373197503473,32.13096032039987,0.6351992590738219,0.5911648869514465,0.5734519417272347,65.00405408135747
01320.png,3.631068559753666,32.16715745163875,0.6399454537773178,0.590550422668457,0.5761829470364103,65.03727700559395
01331.png,3.781052116355468,33.35069131384103,0.6688443625805931,0.5893828272819519,0.5959565197515133,64.72482033700297
01345.png,5.874503852634372,22.05526266002299,0.7681545432837885,0.7052739858627319,0.5113799431526409,58.67385629915362
01388.png,5.663329748771748,20.85597174952986,0.7165874744822246,0.7058101296424866,0.4777085640716044,58.70830358091587
01393.png,4.466636102190025,45.85111634182604,0.7383020871144652,0.5764605402946472,0.6348183923886359,60.49810871946705
01406.png,4.471551433995005,45.77926439095634,0.7367242807757155,0.5760806798934937,0.6363638902783523,60.50966684748821
01413.png,4.472287966221057,45.73073151270926,0.7352885504656618,0.5763415694236755,0.6348752157365509,60.51926993206293
01415.png,4.482259917944164,45.77258165944798,0.7354855628882542,0.5763795375823975,0.6353142227592097,60.52192775524666
01422.png,4.472823736356887,45.91239570559441,0.7404050517886991,0.5748669505119324,0.635090980539041,60.45710868511967
01432.png,4.620820462509808,43.65693971657504,0.7692269633867548,0.6218898892402649,0.6579048305210604,61.62231479179825
01437.png,4.632013363756069,38.70042822154879,0.8660294933449755,0.6500656008720398,0.6359784633690033,61.56170727491872
01442.png,4.575287476091802,27.36722504219996,0.9777484666144987,0.6792501211166382,0.5992086010886827,61.61275305633982
01443.png,4.472145764947198,24.93931355012729,0.9883255881602755,0.6817454099655151,0.5902256275728898,61.58764273817119
01454.png,5.667447760819,62.8852734524348,0.8563118392402209,0.7915840744972229,0.4766148375043445,61.87427919623747
01462.png,5.68608711505745,62.76170987602632,0.8627187315851985,0.7931497097015381,0.4813444114161501,61.85467812190281
01471.png,5.682260918412325,62.99208366268468,0.8646182399961533,0.7930082678794861,0.4750266301257154,61.81352163179832
01482.png,5.667548446983108,62.91687017075256,0.8578726052862851,0.7930214405059814,0.4642752281919352,61.84043471114182
01486.png,5.67229069530252,63.28805261790464,0.8586953353160786,0.792145848274231,0.469393173901973,61.77831031364533
01492.png,5.736746129070523,62.12637542491514,0.8689235164633048,0.784926176071167,0.4671668805659674,61.85815534556865
01494.png,4.483715490564359,38.19655961819947,0.7564666054015902,0.5731070637702942,0.6718399568123605,62.12618932845098
01505.png,4.543631950991045,38.5705435965496,0.7474629997670019,0.575262725353241,0.6653763501829002,62.55292034370721
01511.png,4.594407193134154,38.61177065783611,0.7547698313799145,0.5770334005355835,0.6651354498099517,62.50330373853971
01527.png,4.587727805427141,38.71897467650712,0.7548597863420214,0.5770267844200134,0.6724903548507338,62.57696436662119
01531.png,6.602386151901017,39.54636980284452,0.5839565343118931,0.6873793005943298,0.5101818564302475,58.61266363657166
01547.png,6.414275645711559,39.46886340376952,0.5774143346099371,0.6864778399467468,0.5063194720073237,58.60691918361816
01562.png,6.368953156839735,39.44361168306177,0.5707326903186424,0.686928391456604,0.5019057882361222,58.61395502052645
01579.png,6.484604219180385,39.5820654950467,0.5608892438692255,0.6893523931503296,0.5012470027972833,58.65366166340887
01584.png,6.114940854103782,32.07299743886657,0.8415360887619233,0.6927979588508606,0.6700429376288137,59.50991502549793
01587.png,5.940303334980657,31.49916035173927,0.8233032320080083,0.6917295455932617,0.665115719557089,59.78185723211222
01599.png,5.968033710567322,32.0850120468557,0.8358967244910197,0.6966924071311951,0.679486454267005,60.10143138506461
01608.png,5.935173950593143,31.46682203006645,0.831696748200461,0.6881258487701416,0.6776080339024788,59.92298113484093
01640.png,6.020586628348283,32.34612888795904,0.8418918180050283,0.6934894919395447,0.7124772228476344,60.12132782364836
01659.png,6.008976194655464,32.25942610953683,0.8382743538206239,0.6921408176422119,0.7077528306869953,60.03339191440351
01670.png,5.296063651004038,31.95914266888598,0.8742460270330453,0.6744052171707153,0.7097810561567336,60.77461222557395
01673.png,5.546829928810691,31.02243706678281,0.877599272369102,0.6795268058776855,0.7133455351808197,60.85197900796663
01707.png,5.30240107846063,30.78873507765935,0.8853486367443313,0.6838887333869934,0.7300201946959854,61.3559906772428
01710.png,5.463452003391442,28.83608037251249,0.6602389179485626,0.6703810095787048,0.5193447983107321,58.91868260137333
01724.png,5.452762840501865,28.84362444672927,0.6677017717397569,0.6706215143203735,0.5188999752517904,58.92706231799554
01729.png,5.498013881526132,28.95879655279995,0.669900031797406,0.6690876483917236,0.5220951507648514,58.92366046704403
01741.png,5.506754611980613,28.98533522668187,0.6687014474266663,0.6685007810592651,0.5202738922983055,58.91234008431542
01760.png,5.446566380875206,35.7909750703215,0.6457923078885712,0.6967000365257263,0.5030083040599097,58.79021394777565
01773.png,5.4804596453292,35.82259256420218,0.6441028338143792,0.6933033466339111,0.5106950593010801,58.71233056789234
01779.png,5.5544048171187,35.84746193726622,0.6439859379556254,0.6929579973220825,0.513832998745134,58.69585738150262
01783.png,5.529798543639975,35.89221104643852,0.6464229788646265,0.6924148797988892,0.5160870954830609,58.69156111942942
01789.png,5.507538787148771,35.78270216303601,0.6483200598781068,0.6915149092674255,0.5163090223400877,58.6684542185209
01803.png,6.021049393095488,39.91476857004184,0.7411949971344788,0.7557995915412903,0.6276895240891667,62.2286958076016
01806.png,6.084193373593784,40.09760676376856,0.771584139409869,0.7477137446403503,0.6462208180853707,62.13172884345082
01807.png,6.026984065286392,40.23258940212524,0.7513433510280745,0.7531560659408569,0.6306156583320364,62.10005254880696
01811.png,5.935623937900379,38.74428110291657,0.7650793060326253,0.7357255220413208,0.6477365819173708,62.55278892234066
01828.png,5.612765649960673,37.53568150924712,0.6937272023126956,0.7519822120666504,0.6006448911418897,63.14078259358291
01845.png,5.06805314552843,16.5200227953097,0.7741424582693553,0.6980909705162048,0.5120788418667036,58.59313894955819
01856.png,5.251039012677546,16.93054852352078,0.7696077641981565,0.6897267699241638,0.5169591053267206,58.67588505112493
01861.png,5.262973225508349,17.31042570869203,0.7737565998443685,0.6905374526977539,0.5190889454596659,58.74239954358777
01867.png,5.4026610030196,17.86816275486585,0.7399496585831387,0.7365514039993286,0.5507803807954057,59.07601075104513
01899.png,5.332043360076137,17.79843880311206,0.7244816503419731,0.7341055274009705,0.534956695640351,59.09052047418933
01911.png,5.334169764561842,17.77575190975142,0.7260100518434028,0.7339054346084595,0.5367885209013306,59.09780707300317
01912.png,5.809243484264208,26.85914848134351,0.9241518802120332,0.7731049060821533,0.5975977410814621,64.1086350309649
01913.png,5.705553469140563,25.7591731233749,0.9572140307928569,0.7778774499893188,0.6094145200201088,64.44782299326084
01919.png,5.665410895146559,25.25371542678706,0.9616393784528964,0.7785111665725708,0.6103536054650454,64.51859663593518
01929.png,5.641590156327254,24.85405686919427,0.9605786408842891,0.77853924036026,0.6109162397391076,64.66108223584041
01937.png,5.242454053244806,28.11307472872942,0.8937132198119097,0.6353197693824768,0.7282354645545176,60.94348150674109
01947.png,5.285956147990079,28.35090983622336,0.8964374373576247,0.6325238943099976,0.7312066102861328,60.82084467225602
01954.png,5.260130172383885,27.90573382781306,0.8934957390014167,0.6334458589553833,0.7292950516525529,60.83758964301868
01963.png,5.27275486811511,27.88521481140364,0.895389513269599,0.6341162323951721,0.7301841661804769,60.85800074874092
01977.png,5.499253442930577,30.78031010620873,0.8103795511223573,0.6081850528717041,0.7219890798091957,59.94683838445147
01981.png,5.413115277753144,30.92990489683218,0.7793975514007302,0.6071279048919678,0.7105167744699747,59.95490224254853
01985.png,5.582261757221104,26.60368590093533,0.7862312401326936,0.6537330150604248,0.658794309843847,58.86643160218303
01994.png,6.038880434707467,29.77686658891708,0.6670225946923387,0.6450083255767822,0.4445663935401782,57.3731867331628
01996.png,6.144708502618926,28.26164577204929,0.6821775010375777,0.6592311859130859,0.4435815419778961,57.52284855672239
02002.png,6.313849761266944,31.46583278434721,0.6441464708495643,0.6631665825843811,0.4103520113645248,57.37453695010857
02011.png,6.335721619565808,29.96484485331658,0.6569515385850955,0.663260817527771,0.419607579865856,57.3319470343996
02033.png,5.843349326503533,29.63722030612787,0.6143005170309509,0.6505836844444275,0.3934554787000341,57.45562904644237
02045.png,5.751167096122748,42.84036122022277,0.5799264225431031,0.6268641948699951,0.5016897849560596,58.09925817755716
02073.png,5.753417819912995,44.06864060344291,0.6157883750906635,0.6251077055931091,0.5272016132507457,58.19214261333573
02083.png,5.757296007615066,44.83507828466085,0.6261762934691858,0.6270474195480347,0.5328445149139176,58.29835627221957
02090.png,5.810907813545285,44.06342714745605,0.6223988298256589,0.6235363483428955,0.5350260782085772,58.21052344005614
02102.png,7.033417333865499,50.67735846961968,0.7261356623505251,0.679916501045227,0.4913955605541805,57.27997253103818
02119.png,6.611461119776045,43.84082462324167,0.6834228868441171,0.6563173532485962,0.4743512282668454,56.69147994453841
02120.png,6.361215149623023,55.47417813815872,0.8388845353075174,0.6485071182250977,0.5489540886674936,56.80720971616119
02142.png,6.08036417275955,40.99391588178564,0.6286588456964576,0.6540614366531372,0.484024698862406,58.07865570854274
02163.png,6.274475795276972,29.67939033972059,0.5853151960826278,0.6464438438415527,0.4240412947992883,58.45694523000937
02180.png,6.383308394187926,37.70563626979946,0.620231265528954,0.6152001023292542,0.576662717904689,58.54511328611367
02195.png,6.528901419868303,32.41177051378931,0.6178267564636435,0.6297683119773865,0.5433919350885648,58.32290701675046
02213.png,6.560939963159401,36.27048855259259,0.5624887653101874,0.615665078163147,0.5395224525828048,58.29211282800168
02233.png,6.559177319002533,31.08853861269321,0.6413430538928214,0.6439218521118164,0.4932852948657328,57.38659728222441
02236.png,6.460852334201018,28.38077418075409,0.636895761573689,0.6411505341529846,0.4836852450078337,57.4681174472891
02249.png,6.440970174931344,31.97306071254557,0.6073165074124649,0.6401149034500122,0.4192488222640756,57.90395346878077
02278.png,6.681544966461269,32.61358606614351,0.6562539650112419,0.6392565965652466,0.5480500827711284,58.13605326200499
02296.png,6.445804350531652,34.34904086103303,0.6624507521595382,0.6338387727737427,0.5559864913342003,58.02208427305841
02310.png,7.192166824583971,37.72678387239186,0.5337686756472408,0.6332865953445435,0.4825044157044902,58.00317710824813
02317.png,7.038045640422352,39.41115238472058,0.5791985001036078,0.6262089610099792,0.5139225470527218,57.79199775352459
02322.png,6.174784278180889,30.11329113090057,0.5776544981176444,0.636397123336792,0.4260533529875414,57.73929112547874
02337.png,6.511061274079905,21.68891367120491,0.5642727114197639,0.6455273628234863,0.4052736213136673,56.92657598711876
02352.png,7.108564542808168,30.39121411168517,0.6821055378073877,0.6709340810775757,0.4081414995806229,57.45457510616858
02369.png,6.407770208021784,27.44799177725334,0.6520868909429605,0.6576261520385742,0.4458493588617749,57.65635657438966
02394.png,7.140114650982669,25.44699671723725,0.6552048988342777,0.6748614311218262,0.4357119258680384,57.08245419033175
02405.png,6.859613608819094,24.29988090998767,0.5903641396742452,0.7038218975067139,0.3792278167443719,58.14381929443245
02440.png,6.305973163916061,29.39856656617518,0.6388923567265948,0.6828122138977051,0.444400034926389,58.32780767675948
02450.png,6.678540715780549,31.65085354217034,0.6484742872252536,0.661288321018219,0.4714172122926656,58.26077891903397
02455.png,6.568544861775324,30.72758779489058,0.5607893141094965,0.6654713153839111,0.4665885349191841,58.74460181014091
02464.png,6.602962082136001,29.38911313229994,0.6397709990740637,0.6623618602752686,0.5166831728466978,58.46456219276816
02473.png,6.64985786751453,32.88551152847684,0.6728783661598408,0.6395002603530884,0.554789054822832,58.11823034163091
02478.png,6.517219582005781,30.95352988545558,0.6929837649801052,0.673845648765564,0.5217987434140469,58.55268400029131
02486.png,6.748941963974653,31.99017055862303,0.6846328320039248,0.6798333525657654,0.5231181402767355,58.36859065110217
02495.png,6.834266323093168,28.79678598060034,0.6576361786285766,0.6842300891876221,0.4800915732249371,58.39630302006303
02522.png,6.825396894056338,34.34510063313252,0.6698134271912405,0.6448078155517578,0.5197379432988553,58.41128922201612
02527.png,5.995422371891413,53.15554575273246,0.8070943709635275,0.6570755243301392,0.5975885327303171,60.54640821190932
02530.png,6.280899011534396,65.6086810066892,0.8537650712571879,0.7040990591049194,0.6140921973706357,62.18354158209766
02533.png,5.386703230701228,24.49524294803653,0.9979794111908904,0.7346640825271606,0.7329547255371524,62.12881952906307
02544.png,5.601695185383001,38.13372296043119,1.013042092955067,0.890955924987793,0.5769050007113299,66.73465680937493
02556.png,6.514763319114683,23.40577366560261,0.6254530916121405,0.6674280762672424,0.4220764868160594,58.34885594047598
02572.png,6.819919517410309,23.7300937684708,0.5979113514946286,0.6842958927154541,0.4394890596993303,58.02725691668296
02606.png,7.107907044971091,30.2230450885923,0.6973225847865443,0.6390925645828247,0.5243900030846699,56.98292685486
02611.png,7.067508817721828,30.17138949635275,0.6842796156328745,0.6489312648773193,0.5294115477990271,57.61228174408518
02624.png,6.896192671229223,40.45418214306876,0.7461785211925321,0.6239869594573975,0.490727232440133,55.92096960599122
02641.png,5.023335792288723,34.32395974322037,0.8812750390764643,0.7838510274887085,0.4230966348893427,64.88510946629643
02651.png,5.668156053487762,29.04057201493839,0.9569511973169036,0.7934963703155518,0.6969270442240182,65.91200604723277
02658.png,6.070644339444268,34.4450354039659,0.927350396367828,0.7788182497024536,0.6497630363098338,62.48681817155586
02667.png,6.748017516076208,39.17507067207617,0.7982579853326889,0.6916848421096802,0.5029353816188304,56.88830254674365
02709.png,5.789598417334432,32.43366126129611,0.7619563806706187,0.615179181098938,0.555555930469534,57.45854534350545
02720.png,5.886042362863087,39.60808984601504,0.694199174535209,0.6466954946517944,0.5442749384968406,58.12023129985114
02731.png,6.075192675710804,37.63436648018116,0.6899890400972546,0.6525914072990417,0.522183878124297,58.10908116004262
02739.png,5.334860411297875,39.19539684854056,0.6704864797803729,0.6368842124938965,0.5432007339430724,59.14526477755209
02754.png,5.456525979948365,39.15208893160534,0.8384840390366636,0.6201180219650269,0.7372256005176453,62.24134636624952
02757.png,4.677304563746567,23.43892269987529,0.8462998315058126,0.87098228931427,0.4902771258147723,67.72130367369684
02762.png,3.962465494488617,21.88444457572595,0.7923205311936516,0.8222759366035461,0.3632802079138869,66.01969721439944
02778.png,4.513567013769823,23.87557774988126,0.846204009740201,0.8199348449707031,0.473446015410839,65.75587232237484
02786.png,5.153159990169597,36.8203835025661,0.6430328507419735,0.6053462028503418,0.5304069307108198,58.73230435024372
02816.png,5.622943671071898,42.91125888764995,0.7747767959783716,0.6265991926193237,0.58765198154574,58.33903320141906
02821.png,5.415067478779438,44.92409143082826,0.748628261753383,0.6413549184799194,0.5591069100050146,58.4492226945064
02846.png,5.720599233075847,41.72351525531396,0.7447935833966118,0.6022941470146179,0.6575310055983821,59.34253964201834
02860.png,4.700331822428357,35.81440989853397,0.6614514530190106,0.6038945913314819,0.594121389989921,60.57808844114943
02869.png,5.210174800217523,36.46285277047667,0.6890689445984702,0.6135685443878174,0.5660640452527482,59.38260451234463
02896.png,4.414113356905066,30.73612712248423,0.7705573369123788,0.6614158153533936,0.5761561847510426,62.1821749031585
02956.png,6.047037112505237,40.3454423702614,0.6649676230076548,0.6027176976203918,0.5735794000743251,58.79270222631312
03019.png,5.787630534190013,32.84217903791302,0.6979476666345109,0.6652895212173462,0.549937778596373,59.51439840246864
03045.png,5.759514752365769,43.51657782469707,0.7093818203465266,0.6297217011451721,0.5714755119113638,58.19414440821446
03100.png,6.423806025603305,36.42906451635093,0.7216470823793225,0.654170036315918,0.5536098837957699,58.13460721069492
03109.png,6.545381848422277,31.85242511453537,0.7752873501554529,0.6417313814163208,0.5223292945788159,58.24314990101237
03143.png,6.545410457083467,30.83306631711522,0.8083164269651224,0.6403071880340576,0.5118469874446429,58.11254725038998
03173.png,6.515175781374241,34.1488155221012,0.7859395793488819,0.6403756141662598,0.5320850032490876,58.22177230394743
03219.png,6.315064278080875,36.77691315412202,0.7553312191038681,0.6404304504394531,0.5504038077944888,57.49155740248057
03260.png,5.999003612091832,28.83743215838718,0.6989228440883908,0.6273760199546814,0.5187117528748711,57.9487022127934
03281.png,5.438597438888269,34.01094148395484,0.6151959654336832,0.6029438972473145,0.5438229815982878,58.30600294505135
03289.png,5.854035007573991,38.81353997533164,0.6328774929623155,0.587692141532898,0.5936386476071163,58.96913230778976
03354.png,5.862893495432168,44.51042824615654,0.6359326889199277,0.6078449487686157,0.604458665173199,59.54731722806051
03375.png,5.718543888732315,40.01572160114593,0.6417850536770677,0.5987080931663513,0.6000226642212965,59.11533170630067
03381.png,6.357937785591862,38.94827883846944,0.6953460204383543,0.6136243939399719,0.5996613360674422,58.26413590852369
03409.png,6.333448221732471,36.31770347829692,0.6061119538725285,0.6212711334228516,0.5415120100033062,57.86195755298341
03417.png,5.502806164200782,36.63622930278226,0.5594618290623676,0.6013635396957397,0.5348338009485297,58.66247787314764
03433.png,6.072856903612356,34.30445531263942,0.661450099556454,0.6880297660827637,0.5527959905996791,59.19727253082873
03438.png,5.826293628452433,35.6834441562044,0.5982275222988662,0.6327129006385803,0.5448465813798214,58.61665256845265
03462.png,5.434904158060371,40.69427986907374,0.6136175330115909,0.6172448992729187,0.5939371957169215,59.04739791522901
03473.png,4.50691493818665,35.13583319189317,0.7628559407825467,0.6716806888580322,0.6404565921921078,63.1504521686028
03575.png,5.640368902205541,37.33946758918437,0.5854753323919617,0.5946975946426392,0.5576048751754559,57.88633376708275
03589.png,5.989670468603206,33.56749216054003,0.6494279078031556,0.616649866104126,0.4766955778452511,57.15227100258509
03600.png,5.893692873817377,39.46932938674767,0.6324825409714969,0.5967655181884766,0.5784246496031069,57.58961605319114
03640.png,5.634791690374866,38.28040815400875,0.618173184335807,0.6186986565589905,0.6011956533857563,59.41429637598218
03708.png,5.621867995043107,37.39454573572528,0.6554854773729417,0.6188514828681946,0.5512467271966781,58.16088719773035
03719.png,5.612978122666263,37.55084877189307,0.6094715171566125,0.6137876510620117,0.5249437739797045,57.99031566436827
03769.png,5.103343877036954,37.31207469397474,0.6880623699892037,0.6732890009880066,0.598945826072053,61.1785810376491
03813.png,5.367984921050006,36.47587784705862,0.8467940036907091,0.6390070915222168,0.6941252171769127,60.26348690894976
03836.png,5.665414511784073,33.70039274777324,0.7525293137963939,0.6852689385414124,0.5950410163692393,59.49670689955067
03878.png,5.043066081996821,46.4096238953104,0.8714879378164841,0.7479974031448364,0.5154297252652972,62.53316285567938
03989.png,4.702809219112352,36.3103327845819,0.9172907175010393,0.724889874458313,0.55269036331889,62.44655159877028
04006.png,5.150783417757332,39.92199017432831,0.7699307448168794,0.7654929161071777,0.401989914895562,62.70727135723421
04018.png,5.945702801884583,43.95716946524006,0.9009971254635148,0.7375168800354004,0.5092026261274523,60.39562188274823
04026.png,5.773661720104347,41.03542676761142,0.8709621660620606,0.7258394956588745,0.4779119405070967,60.63643085358436
04053.png,4.821034203918884,38.91889436432729,0.9233046587194123,0.7938579320907593,0.5619864964860809,63.69347651674131
04092.png,4.729969420772212,40.16538077125623,0.8421124193692752,0.7823320031166077,0.5256539723233822,63.3695455564004
04160.png,5.550870454487466,32.59256649337392,0.8120560790115736,0.6840754151344299,0.6822748527968404,60.02094556633281
